Status,Solve,Objval
LOCALLY_SOLVED,12063.614041090012,3.572573899950264e10
