Status,Solve,Objval
LOCALLY_SOLVED,5623.915333032608,6.67334946585269e9
