Costs,Total,Zone1
cTotal,6.68449215576787e9,6.684492155769041e9
cFix,5.353238652821143e9,5.353238652821142e9
cVar,1.2458629343089292e9,1.2458629343089097e9
cNSE,4.520883965294122e7,4.520883965294125e7
cStart,4.018172898604653e7,4.018172898604653e7
cUnmetRsv,0.0,-
cNetworkExp,0.0,-
