Status,Solve,Objval
LOCALLY_SOLVED,5317.636163949966,6.68449215576787e9
