Status,Solve,Objval
LOCALLY_SOLVED,10564.492197990417,3.576962195841349e10
